[{"model": "accounts.user", "pk": 1, "fields": {"password": "pbkdf2_sha256$216000$N5vg3V3K0p6L$gem9LGkuRDLAhihOuKCsh4ZzSAiFxEbFmr0jVoiJrSE=", "last_login": "2021-03-27T18:54:55.200Z", "is_superuser": true, "username": "admin", "first_name": "", "last_name": "", "email": "admin@admin.com", "is_staff": true, "is_active": true, "date_joined": "2021-02-08T15:29:21Z", "bio": "", "location": "", "birth_date": null, "rating": 66, "image": "default.jpg", "tg_auth_token": null, "groups": [2], "user_permissions": []}}, {"model": "accounts.user", "pk": 7, "fields": {"password": "pbkdf2_sha256$216000$FZaCKXjfGVrz$kKFuZBFJ/WnqrlP99qWjbU/MCCk4lJZwIvsmixqawLY=", "last_login": "2021-02-22T18:05:57.338Z", "is_superuser": true, "username": "SuperAdmin", "first_name": "", "last_name": "", "email": "admin2@admin.com", "is_staff": true, "is_active": true, "date_joined": "2021-02-22T04:28:00Z", "bio": "", "location": "", "birth_date": null, "rating": 0, "image": "default.jpg", "tg_auth_token": null, "groups": [], "user_permissions": []}}, {"model": "accounts.user", "pk": 8, "fields": {"password": "pbkdf2_sha256$216000$Fl5SDelPzozL$5/isTTQLOXL2IoJqAy5e+OilR12hoG5FqWQN5Wzvymc=", "last_login": "2021-02-22T18:10:29Z", "is_superuser": false, "username": "user", "first_name": "", "last_name": "", "email": "", "is_staff": false, "is_active": true, "date_joined": "2021-02-22T16:18:43Z", "bio": "", "location": "", "birth_date": null, "rating": 0, "image": "default.jpg", "tg_auth_token": null, "groups": [1], "user_permissions": []}}, {"model": "accounts.user", "pk": 10, "fields": {"password": "pbkdf2_sha256$216000$qArk2rmyYeBF$TDdMZtJ3jnvpFBniQfBRgCyHGa0du8xK3lYNJjdFX1M=", "last_login": "2021-02-22T18:25:45.260Z", "is_superuser": false, "username": "new_user", "first_name": "", "last_name": "", "email": "", "is_staff": false, "is_active": true, "date_joined": "2021-02-22T18:25:34.795Z", "bio": "", "location": "", "birth_date": null, "rating": 0, "image": "default.jpg", "tg_auth_token": null, "groups": [1], "user_permissions": []}}, {"model": "accounts.user", "pk": 11, "fields": {"password": "pbkdf2_sha256$216000$ojdoZ275zvRK$bSP552ou7fO9RqcfblCAiqkvBybI8GarlrNKJKUp65g=", "last_login": "2021-02-26T12:20:14.613Z", "is_superuser": false, "username": "qq", "first_name": "", "last_name": "", "email": "", "is_staff": false, "is_active": true, "date_joined": "2021-02-26T12:20:12.373Z", "bio": "", "location": "", "birth_date": null, "rating": 0, "image": "default.jpg", "tg_auth_token": null, "groups": [1], "user_permissions": []}}, {"model": "accounts.user", "pk": 12, "fields": {"password": "pbkdf2_sha256$216000$kTJf3P1xjveR$FfKotJSSPUUE7JAHgW7TU/1MvE9eEThzrD3z1WY49RI=", "last_login": "2021-03-15T16:51:34.878Z", "is_superuser": false, "username": "admin__", "first_name": "", "last_name": "", "email": "", "is_staff": false, "is_active": true, "date_joined": "2021-03-15T16:37:00.597Z", "bio": "", "location": "", "birth_date": null, "rating": 0, "image": "default.jpg", "tg_auth_token": null, "groups": [1], "user_permissions": []}}, {"model": "accounts.user", "pk": 13, "fields": {"password": "pbkdf2_sha256$216000$iwM5mxxgCZJf$iC1eirsWLdBM5ZulM5DfeeXw12FY06kvfL2Gv273bsk=", "last_login": "2021-03-22T17:35:37.739Z", "is_superuser": false, "username": "admin45", "first_name": "", "last_name": "", "email": "", "is_staff": false, "is_active": true, "date_joined": "2021-03-22T17:35:31.326Z", "bio": "", "location": "", "birth_date": null, "rating": 0, "image": "default.jpg", "tg_auth_token": null, "groups": [1], "user_permissions": []}}, {"model": "accounts.user", "pk": 14, "fields": {"password": "pbkdf2_sha256$216000$cvGK6PcZdMWD$YJwBpbrhR9Pp3cw7MlS72NpSv4pvG8zgJhBw3n7DY+M=", "last_login": "2021-09-01T18:04:42.215Z", "is_superuser": false, "username": "adminYY", "first_name": "", "last_name": "", "email": "", "is_staff": false, "is_active": true, "date_joined": "2021-08-23T10:04:27.406Z", "bio": "", "location": "", "birth_date": null, "rating": 6, "image": "default.jpg", "tg_auth_token": "e4cac34b-fe92-4b77-9e6f-0f9fcdd3b3fa", "groups": [1], "user_permissions": []}}, {"model": "accounts.user", "pk": 16, "fields": {"password": "pbkdf2_sha256$216000$qx5Jyavh4EjL$1wjdjs/tcyMzCCA2zlw4uWeyUaXtnuzZ2t+ceZu9eQU=", "last_login": "2021-08-30T15:39:16.211Z", "is_superuser": false, "username": "adminZZ", "first_name": "", "last_name": "", "email": "", "is_staff": false, "is_active": true, "date_joined": "2021-08-30T14:12:10.165Z", "bio": "", "location": "", "birth_date": null, "rating": 7, "image": "default.jpg", "tg_auth_token": "5b75daeb-159e-4f5e-a232-2c31a4d4d956", "groups": [1], "user_permissions": []}}, {"model": "accounts.user", "pk": 17, "fields": {"password": "pbkdf2_sha256$216000$NsyQULUzEagi$AeyHPYKr5CiZmv7Nvt8TnFduzLxIfZrQagDIebThwVE=", "last_login": null, "is_superuser": false, "username": "OLGA", "first_name": "O", "last_name": "", "email": "", "is_staff": false, "is_active": true, "date_joined": "2021-08-30T15:42:47.314Z", "bio": "", "location": "", "birth_date": null, "rating": 0, "image": "default.jpg", "tg_auth_token": "cd56de36-18fd-4996-baf4-56a719cb1924", "groups": [1], "user_permissions": []}}, {"model": "accounts.user", "pk": 18, "fields": {"password": "pbkdf2_sha256$216000$eiSg72eSjmwe$TPOSe9NOSp3MLNYbIMPCkdKidG1R4V8qaOdfjxgHkiw=", "last_login": "2021-08-30T15:49:19.488Z", "is_superuser": false, "username": "OLGA13", "first_name": "O", "last_name": "K", "email": "", "is_staff": false, "is_active": true, "date_joined": "2021-08-30T15:43:09.810Z", "bio": "", "location": "", "birth_date": null, "rating": 4, "image": "default.jpg", "tg_auth_token": "94c3a818-c4a9-455c-92dc-ec8d1517c70c", "groups": [1], "user_permissions": []}}, {"model": "quiz.test", "pk": 1, "fields": {"create_date": "2021-02-08T18:37:16.444Z", "write_date": "2021-08-09T10:33:16.753Z", "uuid": "029f29ce-df0f-4d75-8539-36e2f47b7aa6", "title": "Math Test-3`", "description": "", "level": 2, "image": "covers/unnamed.jpg"}}, {"model": "quiz.test", "pk": 2, "fields": {"create_date": "2021-03-22T18:10:50.009Z", "write_date": "2021-03-22T18:10:50.009Z", "uuid": "316d04bd-04c2-48e5-b5de-451d9cbaa1fb", "title": "Biology Test", "description": "Test descr", "level": 1, "image": "default.png"}}, {"model": "quiz.question", "pk": 5, "fields": {"test": 1, "order_number": 1, "text": "6*7"}}, {"model": "quiz.question", "pk": 6, "fields": {"test": 1, "order_number": 2, "text": "42*0"}}, {"model": "quiz.question", "pk": 8, "fields": {"test": 1, "order_number": 3, "text": "sqrt(-1)"}}, {"model": "quiz.choice", "pk": 4, "fields": {"text": "42.5", "question": 5, "is_correct": false}}, {"model": "quiz.choice", "pk": 5, "fields": {"text": "не знаю", "question": 5, "is_correct": false}}, {"model": "quiz.choice", "pk": 6, "fields": {"text": "42", "question": 5, "is_correct": true}}, {"model": "quiz.choice", "pk": 7, "fields": {"text": "0", "question": 6, "is_correct": true}}, {"model": "quiz.choice", "pk": 8, "fields": {"text": "42", "question": 6, "is_correct": false}}, {"model": "quiz.choice", "pk": 9, "fields": {"text": "-1", "question": 6, "is_correct": false}}, {"model": "quiz.choice", "pk": 10, "fields": {"text": "0", "question": 8, "is_correct": false}}, {"model": "quiz.choice", "pk": 11, "fields": {"text": "error", "question": 8, "is_correct": true}}, {"model": "quiz.choice", "pk": 12, "fields": {"text": "-1", "question": 8, "is_correct": false}}, {"model": "quiz.result", "pk": 15, "fields": {"create_date": "2021-02-15T18:05:39.313Z", "write_date": "2021-02-15T18:08:18.624Z", "user": 1, "test": 1, "state": 1, "uuid": "3d85405d-dbff-4a79-bcf0-f70275a10e90", "current_order_number": 3, "num_correct_answers": 3, "num_incorrect_answers": 0}}, {"model": "quiz.result", "pk": 16, "fields": {"create_date": "2021-02-15T18:09:54.643Z", "write_date": "2021-02-15T18:31:29.968Z", "user": 1, "test": 1, "state": 1, "uuid": "21b47791-9d7c-42ee-9cb6-007a954b5cf5", "current_order_number": 3, "num_correct_answers": 3, "num_incorrect_answers": 0}}, {"model": "quiz.result", "pk": 18, "fields": {"create_date": "2021-02-15T18:22:22.976Z", "write_date": "2021-02-15T18:30:52.773Z", "user": 1, "test": 1, "state": 1, "uuid": "ef9b2b56-bda3-43a2-baaa-096a3e30e9d8", "current_order_number": 3, "num_correct_answers": 3, "num_incorrect_answers": 0}}, {"model": "quiz.result", "pk": 19, "fields": {"create_date": "2021-02-15T18:31:40.430Z", "write_date": "2021-02-15T19:10:38.731Z", "user": 1, "test": 1, "state": 1, "uuid": "9ee97c0c-1f4c-46ec-a5af-6aa8e8187753", "current_order_number": 3, "num_correct_answers": 3, "num_incorrect_answers": 0}}, {"model": "quiz.result", "pk": 20, "fields": {"create_date": "2021-02-15T18:31:50.279Z", "write_date": "2021-02-15T19:21:23.296Z", "user": 1, "test": 1, "state": 1, "uuid": "eba4b317-404a-4d28-a78b-ab90b06b4020", "current_order_number": 3, "num_correct_answers": 3, "num_incorrect_answers": 0}}, {"model": "quiz.result", "pk": 21, "fields": {"create_date": "2021-02-15T18:31:56.668Z", "write_date": "2021-02-15T19:24:02.193Z", "user": 1, "test": 1, "state": 1, "uuid": "ecd21293-d57b-44ef-a874-2745e2d119a1", "current_order_number": 3, "num_correct_answers": 2, "num_incorrect_answers": 1}}, {"model": "quiz.result", "pk": 22, "fields": {"create_date": "2021-02-15T18:54:08.384Z", "write_date": "2021-02-15T19:05:45.368Z", "user": 1, "test": 1, "state": 1, "uuid": "22e04438-066c-44f4-afd2-513a58c22a84", "current_order_number": 3, "num_correct_answers": 3, "num_incorrect_answers": 0}}, {"model": "quiz.result", "pk": 23, "fields": {"create_date": "2021-02-15T19:05:50.014Z", "write_date": "2021-02-15T19:06:13.242Z", "user": 1, "test": 1, "state": 1, "uuid": "1516737c-e508-434c-84db-6916d49ce795", "current_order_number": 3, "num_correct_answers": 3, "num_incorrect_answers": 0}}, {"model": "quiz.result", "pk": 24, "fields": {"create_date": "2021-02-15T19:06:17.742Z", "write_date": "2021-02-15T19:07:26.235Z", "user": 1, "test": 1, "state": 1, "uuid": "5fc2ab5b-96c7-4504-81d1-51a264f55ead", "current_order_number": 3, "num_correct_answers": 3, "num_incorrect_answers": 0}}, {"model": "quiz.result", "pk": 25, "fields": {"create_date": "2021-02-15T19:24:59.673Z", "write_date": "2021-02-15T19:26:13.451Z", "user": 1, "test": 1, "state": 1, "uuid": "6fba4025-0548-4bf0-a5aa-f9ee17f6384c", "current_order_number": 3, "num_correct_answers": 3, "num_incorrect_answers": 0}}, {"model": "quiz.result", "pk": 26, "fields": {"create_date": "2021-02-21T17:12:21.710Z", "write_date": "2021-02-21T17:12:24.705Z", "user": 1, "test": 1, "state": 1, "uuid": "c4078fa6-922f-46ca-89fa-e485e219ebb0", "current_order_number": 3, "num_correct_answers": 0, "num_incorrect_answers": 3}}, {"model": "quiz.result", "pk": 27, "fields": {"create_date": "2021-02-23T16:11:03.094Z", "write_date": "2021-02-23T16:11:08.768Z", "user": 10, "test": 1, "state": 1, "uuid": "44584d29-680c-4326-a340-758219836a3c", "current_order_number": 3, "num_correct_answers": 2, "num_incorrect_answers": 1}}, {"model": "quiz.result", "pk": 62, "fields": {"create_date": "2021-03-27T16:25:11.448Z", "write_date": "2021-03-27T19:28:14.065Z", "user": 1, "test": 1, "state": 1, "uuid": "84860376-1f4d-4c10-9beb-81b8c2149e90", "current_order_number": 3, "num_correct_answers": 1, "num_incorrect_answers": 2}}, {"model": "quiz.result", "pk": 64, "fields": {"create_date": "2021-03-27T19:29:19.206Z", "write_date": "2021-03-27T19:30:09.059Z", "user": 1, "test": 1, "state": 1, "uuid": "7ff3a856-6ee8-46ed-bdb1-b7d4d128af42", "current_order_number": 3, "num_correct_answers": 1, "num_incorrect_answers": 2}}, {"model": "quiz.result", "pk": 81, "fields": {"create_date": "2021-03-27T20:22:49.445Z", "write_date": "2021-03-27T20:23:10.156Z", "user": 1, "test": 1, "state": 1, "uuid": "98f15504-0b8e-4eb4-971f-66d054af0bbf", "current_order_number": 3, "num_correct_answers": 0, "num_incorrect_answers": 3}}, {"model": "quiz.result", "pk": 83, "fields": {"create_date": "2021-03-27T20:23:38.682Z", "write_date": "2021-03-27T20:24:38.144Z", "user": 1, "test": 1, "state": 1, "uuid": "962f6e82-5f23-4a7d-ba63-3ccd49778260", "current_order_number": 3, "num_correct_answers": 0, "num_incorrect_answers": 3}}, {"model": "quiz.result", "pk": 84, "fields": {"create_date": "2021-03-27T20:25:50.732Z", "write_date": "2021-03-27T20:26:03.973Z", "user": 1, "test": 1, "state": 1, "uuid": "35a99f23-fe06-4fc6-8cd2-b969a30b5869", "current_order_number": 3, "num_correct_answers": 3, "num_incorrect_answers": 0}}, {"model": "quiz.result", "pk": 85, "fields": {"create_date": "2021-03-27T20:26:14.319Z", "write_date": "2021-03-27T20:26:26.033Z", "user": 1, "test": 1, "state": 1, "uuid": "1dc69687-cabb-47e7-a7cc-8b7f3a6f3865", "current_order_number": 3, "num_correct_answers": 2, "num_incorrect_answers": 1}}, {"model": "quiz.result", "pk": 86, "fields": {"create_date": "2021-03-27T20:26:32.493Z", "write_date": "2021-03-27T20:26:42.696Z", "user": 1, "test": 1, "state": 1, "uuid": "a0ec4433-7f89-426b-bef0-6bf11842fdb4", "current_order_number": 3, "num_correct_answers": 2, "num_incorrect_answers": 1}}, {"model": "quiz.result", "pk": 87, "fields": {"create_date": "2021-03-28T08:25:50.416Z", "write_date": "2021-03-28T08:25:58.367Z", "user": 1, "test": 1, "state": 1, "uuid": "3d52326b-3a34-4b1c-a35d-39b71ea4b789", "current_order_number": 3, "num_correct_answers": 3, "num_incorrect_answers": 0}}, {"model": "quiz.result", "pk": 88, "fields": {"create_date": "2021-03-28T08:28:51.057Z", "write_date": "2021-03-28T08:28:55.566Z", "user": 1, "test": 1, "state": 1, "uuid": "062beaf7-a1c1-41fb-be37-5dba307f2889", "current_order_number": 3, "num_correct_answers": 1, "num_incorrect_answers": 2}}, {"model": "quiz.result", "pk": 91, "fields": {"create_date": "2021-03-28T08:43:50.498Z", "write_date": "2021-03-28T08:43:58.540Z", "user": 1, "test": 1, "state": 1, "uuid": "d38116bc-5dc0-4e15-8d10-6fc37bdee0fd", "current_order_number": 3, "num_correct_answers": 2, "num_incorrect_answers": 1}}, {"model": "quiz.result", "pk": 92, "fields": {"create_date": "2021-03-28T08:44:54.438Z", "write_date": "2021-03-28T08:44:59.389Z", "user": 1, "test": 1, "state": 1, "uuid": "8b3f0d8e-83a5-468f-ae5b-43220db71c66", "current_order_number": 3, "num_correct_answers": 2, "num_incorrect_answers": 1}}, {"model": "quiz.result", "pk": 97, "fields": {"create_date": "2021-03-28T09:03:45.030Z", "write_date": "2021-03-28T09:04:02.290Z", "user": 1, "test": 1, "state": 1, "uuid": "a620a179-2b2b-42af-843e-3f4bbfe466b9", "current_order_number": 3, "num_correct_answers": 3, "num_incorrect_answers": 0}}, {"model": "quiz.result", "pk": 98, "fields": {"create_date": "2021-03-28T09:11:44.502Z", "write_date": "2021-03-28T09:11:51.083Z", "user": 1, "test": 1, "state": 1, "uuid": "0316761f-321b-4136-bd6c-21112c058375", "current_order_number": 3, "num_correct_answers": 3, "num_incorrect_answers": 0}}, {"model": "quiz.result", "pk": 99, "fields": {"create_date": "2021-03-28T09:24:42.529Z", "write_date": "2021-03-28T09:24:50.481Z", "user": 1, "test": 1, "state": 1, "uuid": "1fae5082-f714-4bca-9245-8b298f1f265a", "current_order_number": 3, "num_correct_answers": 2, "num_incorrect_answers": 1}}, {"model": "quiz.result", "pk": 102, "fields": {"create_date": "2021-03-28T09:25:07.862Z", "write_date": "2021-03-28T09:25:12.585Z", "user": 1, "test": 1, "state": 1, "uuid": "dad7e16b-d0e8-4710-a610-b7831dd3b64b", "current_order_number": 3, "num_correct_answers": 1, "num_incorrect_answers": 2}}, {"model": "quiz.result", "pk": 104, "fields": {"create_date": "2021-03-28T09:32:55.864Z", "write_date": "2021-03-28T09:33:22.536Z", "user": 1, "test": 1, "state": 1, "uuid": "99d72280-dc85-4568-833b-2b69900de4c5", "current_order_number": 3, "num_correct_answers": 1, "num_incorrect_answers": 2}}, {"model": "quiz.result", "pk": 105, "fields": {"create_date": "2021-03-28T09:33:00.839Z", "write_date": "2021-03-28T09:33:26.379Z", "user": 1, "test": 1, "state": 1, "uuid": "e73554a0-f68e-4461-b585-3dcb8ac9bac1", "current_order_number": 3, "num_correct_answers": 3, "num_incorrect_answers": 0}}, {"model": "quiz.result", "pk": 106, "fields": {"create_date": "2021-03-28T09:46:17.690Z", "write_date": "2021-03-28T09:46:42.030Z", "user": 1, "test": 1, "state": 1, "uuid": "2d04db78-fe16-4ad2-acb0-1cb4d102ce5e", "current_order_number": 3, "num_correct_answers": 1, "num_incorrect_answers": 2}}, {"model": "quiz.result", "pk": 107, "fields": {"create_date": "2021-03-28T09:47:25.211Z", "write_date": "2021-03-28T09:47:36.020Z", "user": 1, "test": 1, "state": 1, "uuid": "a15386fe-7429-44ec-8376-41db987f04f1", "current_order_number": 3, "num_correct_answers": 3, "num_incorrect_answers": 0}}, {"model": "quiz.result", "pk": 108, "fields": {"create_date": "2021-03-28T09:51:51.760Z", "write_date": "2021-03-28T09:51:56.759Z", "user": 1, "test": 1, "state": 1, "uuid": "752e5759-7067-42f9-a168-0d0f184b0380", "current_order_number": 3, "num_correct_answers": 1, "num_incorrect_answers": 2}}, {"model": "quiz.result", "pk": 110, "fields": {"create_date": "2021-03-28T09:54:40.417Z", "write_date": "2021-03-28T09:55:12.514Z", "user": 1, "test": 1, "state": 1, "uuid": "ffa74d5f-429a-451b-a828-8b3c1d075e98", "current_order_number": 3, "num_correct_answers": 1, "num_incorrect_answers": 2}}, {"model": "quiz.result", "pk": 112, "fields": {"create_date": "2021-03-28T09:57:23.688Z", "write_date": "2021-03-28T09:57:31.818Z", "user": 1, "test": 1, "state": 1, "uuid": "aef74fb3-c078-4a3a-8138-dfa50d3eac05", "current_order_number": 3, "num_correct_answers": 3, "num_incorrect_answers": 0}}, {"model": "quiz.result", "pk": 113, "fields": {"create_date": "2021-03-28T09:57:51.885Z", "write_date": "2021-03-28T09:58:00.874Z", "user": 1, "test": 1, "state": 1, "uuid": "2dd60be0-36b9-4ef5-8dd3-0abf64f63d2d", "current_order_number": 3, "num_correct_answers": 3, "num_incorrect_answers": 0}}, {"model": "quiz.result", "pk": 114, "fields": {"create_date": "2021-03-28T10:04:31.029Z", "write_date": "2021-03-28T10:04:43.274Z", "user": 1, "test": 1, "state": 1, "uuid": "0bafa57d-592f-40ef-9d2a-c83a650d4488", "current_order_number": 3, "num_correct_answers": 3, "num_incorrect_answers": 0}}, {"model": "quiz.result", "pk": 115, "fields": {"create_date": "2021-03-28T10:06:14.214Z", "write_date": "2021-03-28T10:06:24.335Z", "user": 1, "test": 1, "state": 1, "uuid": "a3b6345f-17f3-4a00-9bdf-ba8b8daaedae", "current_order_number": 3, "num_correct_answers": 3, "num_incorrect_answers": 0}}, {"model": "quiz.result", "pk": 117, "fields": {"create_date": "2021-03-28T11:19:28.097Z", "write_date": "2021-03-28T11:20:58.287Z", "user": 1, "test": 1, "state": 1, "uuid": "068e6b49-6492-4b4a-9379-aea04090f01e", "current_order_number": 3, "num_correct_answers": 1, "num_incorrect_answers": 2}}, {"model": "quiz.result", "pk": 118, "fields": {"create_date": "2021-03-28T16:48:38.136Z", "write_date": "2021-03-28T16:48:49.861Z", "user": 1, "test": 1, "state": 1, "uuid": "c39f54ab-d9c0-4aba-b830-882ac6acf95d", "current_order_number": 3, "num_correct_answers": 3, "num_incorrect_answers": 0}}, {"model": "quiz.result", "pk": 119, "fields": {"create_date": "2021-03-29T12:01:19.325Z", "write_date": "2021-03-29T12:01:29.374Z", "user": 1, "test": 1, "state": 1, "uuid": "b2f1f624-6444-4dcb-ac3e-5f7e74156023", "current_order_number": 3, "num_correct_answers": 3, "num_incorrect_answers": 0}}, {"model": "quiz.result", "pk": 120, "fields": {"create_date": "2021-03-29T15:10:19.841Z", "write_date": "2021-03-29T15:10:27.099Z", "user": 1, "test": 1, "state": 1, "uuid": "3a1ce7ef-7e80-4b69-a134-01202e0d24f8", "current_order_number": 3, "num_correct_answers": 3, "num_incorrect_answers": 0}}, {"model": "quiz.result", "pk": 121, "fields": {"create_date": "2021-03-29T18:18:55.155Z", "write_date": "2021-03-29T18:19:03.467Z", "user": 1, "test": 1, "state": 1, "uuid": "8c38fb35-3391-49c8-b098-2f4639ab47df", "current_order_number": 3, "num_correct_answers": 3, "num_incorrect_answers": 0}}, {"model": "quiz.result", "pk": 124, "fields": {"create_date": "2021-03-31T09:10:25.076Z", "write_date": "2021-03-31T09:10:33.507Z", "user": 1, "test": 1, "state": 1, "uuid": "187f4bf9-a2d2-4bc4-96d3-c2986d7bb9ee", "current_order_number": 3, "num_correct_answers": 1, "num_incorrect_answers": 2}}, {"model": "quiz.result", "pk": 125, "fields": {"create_date": "2021-08-03T10:58:13.251Z", "write_date": "2021-08-03T10:59:05.139Z", "user": 1, "test": 1, "state": 1, "uuid": "09548c8c-6f83-44e7-8005-db47430b70cb", "current_order_number": 3, "num_correct_answers": 1, "num_incorrect_answers": 2}}, {"model": "quiz.result", "pk": 126, "fields": {"create_date": "2021-08-19T19:41:52.079Z", "write_date": "2021-08-19T19:41:52.079Z", "user": 1, "test": 1, "state": 0, "uuid": "e589c275-4c88-426f-b75a-e1506233fc0f", "current_order_number": 1, "num_correct_answers": 0, "num_incorrect_answers": 0}}, {"model": "quiz.result", "pk": 127, "fields": {"create_date": "2021-08-20T07:56:09.538Z", "write_date": "2021-08-20T07:56:09.538Z", "user": 1, "test": 1, "state": 0, "uuid": "c4c3ff2c-c998-4f33-b2cb-26281b86e9ef", "current_order_number": 1, "num_correct_answers": 0, "num_incorrect_answers": 0}}, {"model": "quiz.result", "pk": 128, "fields": {"create_date": "2021-08-20T10:24:58.884Z", "write_date": "2021-08-20T10:24:58.884Z", "user": 1, "test": 1, "state": 0, "uuid": "85da5aa6-fea1-45f7-b094-9ab007174720", "current_order_number": 1, "num_correct_answers": 0, "num_incorrect_answers": 0}}, {"model": "quiz.result", "pk": 129, "fields": {"create_date": "2021-08-20T10:29:06.216Z", "write_date": "2021-08-20T10:29:06.216Z", "user": 1, "test": 1, "state": 0, "uuid": "83a43162-8671-42b7-ae1b-85c2b71bd25e", "current_order_number": 1, "num_correct_answers": 0, "num_incorrect_answers": 0}}, {"model": "quiz.result", "pk": 130, "fields": {"create_date": "2021-08-20T10:32:31.647Z", "write_date": "2021-08-20T10:32:31.647Z", "user": 1, "test": 1, "state": 0, "uuid": "c07ecab5-55b9-41ca-91a6-96754b62103e", "current_order_number": 1, "num_correct_answers": 0, "num_incorrect_answers": 0}}, {"model": "quiz.result", "pk": 131, "fields": {"create_date": "2021-08-21T16:59:20.086Z", "write_date": "2021-08-21T16:59:20.086Z", "user": 1, "test": 1, "state": 0, "uuid": "d59bbce7-7120-439f-9d9a-08ccc8082107", "current_order_number": 1, "num_correct_answers": 0, "num_incorrect_answers": 0}}, {"model": "quiz.result", "pk": 132, "fields": {"create_date": "2021-08-21T17:01:04.768Z", "write_date": "2021-08-21T17:01:04.768Z", "user": 1, "test": 1, "state": 0, "uuid": "2bd179d7-3ff2-4c87-a61f-7fe0cccfa0fc", "current_order_number": 1, "num_correct_answers": 0, "num_incorrect_answers": 0}}, {"model": "quiz.result", "pk": 133, "fields": {"create_date": "2021-08-21T17:27:24.575Z", "write_date": "2021-08-21T17:27:24.575Z", "user": 1, "test": 1, "state": 0, "uuid": "f7438b62-0dc2-4afb-9725-425eb69c0cfd", "current_order_number": 1, "num_correct_answers": 0, "num_incorrect_answers": 0}}, {"model": "quiz.result", "pk": 134, "fields": {"create_date": "2021-08-21T17:29:11.636Z", "write_date": "2021-08-21T17:29:11.637Z", "user": 1, "test": 1, "state": 0, "uuid": "224e7f23-6521-4777-97ba-4cfcd038ccc9", "current_order_number": 1, "num_correct_answers": 0, "num_incorrect_answers": 0}}, {"model": "quiz.result", "pk": 135, "fields": {"create_date": "2021-08-21T17:55:46.530Z", "write_date": "2021-08-21T17:55:46.530Z", "user": 1, "test": 1, "state": 0, "uuid": "a2c9bb4c-9a87-40b7-b04d-6c81cfd3bf4f", "current_order_number": 1, "num_correct_answers": 0, "num_incorrect_answers": 0}}, {"model": "quiz.result", "pk": 136, "fields": {"create_date": "2021-08-21T17:58:00.244Z", "write_date": "2021-08-21T17:58:00.245Z", "user": 1, "test": 1, "state": 0, "uuid": "a159082f-9618-48b6-9e38-459387739121", "current_order_number": 1, "num_correct_answers": 0, "num_incorrect_answers": 0}}, {"model": "quiz.result", "pk": 137, "fields": {"create_date": "2021-08-21T17:59:42.198Z", "write_date": "2021-08-21T17:59:42.198Z", "user": 1, "test": 1, "state": 0, "uuid": "a958468d-2cfa-481e-acc1-9489da3aa7cb", "current_order_number": 1, "num_correct_answers": 0, "num_incorrect_answers": 0}}, {"model": "quiz.result", "pk": 138, "fields": {"create_date": "2021-08-21T18:05:11.961Z", "write_date": "2021-08-21T18:05:11.962Z", "user": 1, "test": 1, "state": 0, "uuid": "9e3dc6c8-4eb9-4ee4-a151-b52e4719c714", "current_order_number": 1, "num_correct_answers": 0, "num_incorrect_answers": 0}}, {"model": "quiz.result", "pk": 139, "fields": {"create_date": "2021-08-21T18:06:11.561Z", "write_date": "2021-08-21T18:06:11.561Z", "user": 1, "test": 1, "state": 0, "uuid": "57edc468-2fda-4194-8547-ea3860afdeaf", "current_order_number": 1, "num_correct_answers": 0, "num_incorrect_answers": 0}}, {"model": "quiz.result", "pk": 140, "fields": {"create_date": "2021-08-21T18:07:21.117Z", "write_date": "2021-08-21T18:07:44.489Z", "user": 1, "test": 1, "state": 0, "uuid": "158acbee-5223-45ad-9636-0ffb6cb3aa6a", "current_order_number": 2, "num_correct_answers": 0, "num_incorrect_answers": 0}}, {"model": "quiz.result", "pk": 141, "fields": {"create_date": "2021-08-21T18:08:44.562Z", "write_date": "2021-08-21T18:08:56.914Z", "user": 1, "test": 1, "state": 0, "uuid": "22efddd2-4902-4bd4-91d4-cf067f58dced", "current_order_number": 2, "num_correct_answers": 0, "num_incorrect_answers": 0}}, {"model": "quiz.result", "pk": 142, "fields": {"create_date": "2021-08-21T18:34:07.287Z", "write_date": "2021-08-21T18:34:07.287Z", "user": 1, "test": 1, "state": 0, "uuid": "17e91d0a-4e0c-4df9-b636-fe5a6483af20", "current_order_number": 1, "num_correct_answers": 0, "num_incorrect_answers": 0}}, {"model": "quiz.result", "pk": 143, "fields": {"create_date": "2021-08-21T18:35:41.592Z", "write_date": "2021-08-21T18:35:43.759Z", "user": 1, "test": 1, "state": 0, "uuid": "90223dcc-9330-4897-b181-7fc59a2fcfd4", "current_order_number": 2, "num_correct_answers": 1, "num_incorrect_answers": 0}}, {"model": "quiz.result", "pk": 144, "fields": {"create_date": "2021-08-21T18:36:35.725Z", "write_date": "2021-08-21T18:42:54.384Z", "user": 1, "test": 1, "state": 0, "uuid": "a8294c35-f6ed-4d49-9709-76da9cc3139a", "current_order_number": 2, "num_correct_answers": 1, "num_incorrect_answers": 0}}, {"model": "quiz.result", "pk": 145, "fields": {"create_date": "2021-08-21T18:44:05.927Z", "write_date": "2021-08-21T18:44:11.726Z", "user": 1, "test": 1, "state": 0, "uuid": "1bdc1a35-c664-422e-a58a-0dff6fe8f138", "current_order_number": 2, "num_correct_answers": 1, "num_incorrect_answers": 0}}, {"model": "quiz.result", "pk": 146, "fields": {"create_date": "2021-08-21T18:44:31.865Z", "write_date": "2021-08-21T18:44:31.865Z", "user": 1, "test": 1, "state": 0, "uuid": "2fd544e0-2396-454d-a231-9524306e1451", "current_order_number": 1, "num_correct_answers": 0, "num_incorrect_answers": 0}}, {"model": "quiz.result", "pk": 147, "fields": {"create_date": "2021-08-21T18:45:17.503Z", "write_date": "2021-08-21T18:45:21.713Z", "user": 1, "test": 1, "state": 0, "uuid": "2ef9929f-7566-42a6-899a-c85f766f7b3f", "current_order_number": 2, "num_correct_answers": 1, "num_incorrect_answers": 0}}, {"model": "quiz.result", "pk": 148, "fields": {"create_date": "2021-08-21T18:46:32.857Z", "write_date": "2021-08-21T18:46:42.862Z", "user": 1, "test": 1, "state": 0, "uuid": "9b683bf2-b67f-456f-9592-9bdbcff2960a", "current_order_number": 2, "num_correct_answers": 1, "num_incorrect_answers": 0}}, {"model": "quiz.result", "pk": 149, "fields": {"create_date": "2021-08-21T18:51:30.826Z", "write_date": "2021-08-21T18:51:48.908Z", "user": 1, "test": 1, "state": 0, "uuid": "86167ae7-4b9c-4e3d-9421-3e976fe08066", "current_order_number": 4, "num_correct_answers": 3, "num_incorrect_answers": 0}}, {"model": "quiz.result", "pk": 150, "fields": {"create_date": "2021-08-21T18:55:53.970Z", "write_date": "2021-08-21T18:55:53.970Z", "user": 1, "test": 1, "state": 0, "uuid": "55ba3e62-2fdc-429c-a305-891eb5447851", "current_order_number": 0, "num_correct_answers": 0, "num_incorrect_answers": 0}}, {"model": "quiz.result", "pk": 151, "fields": {"create_date": "2021-08-21T18:58:43.972Z", "write_date": "2021-08-21T18:58:43.972Z", "user": 1, "test": 1, "state": 0, "uuid": "dacb12ee-1206-4be9-9440-cdefd921f8bb", "current_order_number": 0, "num_correct_answers": 0, "num_incorrect_answers": 0}}, {"model": "quiz.result", "pk": 152, "fields": {"create_date": "2021-08-21T19:07:59.029Z", "write_date": "2021-08-21T19:07:59.029Z", "user": 1, "test": 1, "state": 0, "uuid": "2a725d6e-370c-49de-b5b3-899d031243b5", "current_order_number": 1, "num_correct_answers": 0, "num_incorrect_answers": 0}}, {"model": "quiz.result", "pk": 153, "fields": {"create_date": "2021-08-21T19:08:42.159Z", "write_date": "2021-08-21T19:09:11.288Z", "user": 1, "test": 1, "state": 0, "uuid": "3b70616e-3dd3-49c3-9563-ee8f28644042", "current_order_number": 3, "num_correct_answers": 3, "num_incorrect_answers": 0}}, {"model": "quiz.result", "pk": 154, "fields": {"create_date": "2021-08-21T19:30:49.046Z", "write_date": "2021-08-21T19:31:00.365Z", "user": 1, "test": 1, "state": 0, "uuid": "70b2e721-4eaf-413b-9cf7-8adaeff6eeaf", "current_order_number": 3, "num_correct_answers": 3, "num_incorrect_answers": 0}}, {"model": "quiz.result", "pk": 155, "fields": {"create_date": "2021-08-21T19:34:16.681Z", "write_date": "2021-08-21T19:34:22.770Z", "user": 1, "test": 1, "state": 0, "uuid": "b590ab21-b9db-441b-b5e0-8a1aee3dbf4e", "current_order_number": 3, "num_correct_answers": 3, "num_incorrect_answers": 0}}, {"model": "quiz.result", "pk": 156, "fields": {"create_date": "2021-08-22T10:40:20.382Z", "write_date": "2021-08-22T10:40:27.820Z", "user": 1, "test": 1, "state": 0, "uuid": "d827af01-c042-459a-b21d-f8e49e8d912c", "current_order_number": 3, "num_correct_answers": 3, "num_incorrect_answers": 0}}, {"model": "quiz.result", "pk": 157, "fields": {"create_date": "2021-08-22T10:52:54.500Z", "write_date": "2021-08-22T10:53:09.392Z", "user": 1, "test": 1, "state": 0, "uuid": "82c9a290-5ca4-446e-9eb9-d47a1ed9f098", "current_order_number": 3, "num_correct_answers": 2, "num_incorrect_answers": 1}}, {"model": "quiz.result", "pk": 158, "fields": {"create_date": "2021-08-22T10:53:41.836Z", "write_date": "2021-08-22T10:53:52.265Z", "user": 1, "test": 1, "state": 0, "uuid": "5067af0c-c1f8-407f-9dc3-8b5fab99c5f9", "current_order_number": 3, "num_correct_answers": 1, "num_incorrect_answers": 2}}, {"model": "quiz.result", "pk": 159, "fields": {"create_date": "2021-08-22T11:01:54.974Z", "write_date": "2021-08-22T11:02:09.846Z", "user": 1, "test": 1, "state": 0, "uuid": "aca19d6d-2ec6-4aa1-ada2-46f34715a8fc", "current_order_number": 3, "num_correct_answers": 2, "num_incorrect_answers": 1}}, {"model": "quiz.result", "pk": 160, "fields": {"create_date": "2021-08-23T09:11:14.866Z", "write_date": "2021-08-23T09:11:14.866Z", "user": 1, "test": 1, "state": 1, "uuid": "7dd457cd-4767-4011-9413-a7b3f9168509", "current_order_number": 3, "num_correct_answers": 3, "num_incorrect_answers": 0}}, {"model": "quiz.result", "pk": 161, "fields": {"create_date": "2021-08-23T09:11:18.957Z", "write_date": "2021-08-23T09:11:18.957Z", "user": 1, "test": 1, "state": 1, "uuid": "41fc9f7b-f5c5-4271-b7d0-c6ba09ed3451", "current_order_number": 3, "num_correct_answers": 3, "num_incorrect_answers": 0}}, {"model": "quiz.result", "pk": 162, "fields": {"create_date": "2021-08-23T09:11:25.316Z", "write_date": "2021-08-23T09:11:25.316Z", "user": 1, "test": 1, "state": 1, "uuid": "f5b395a2-f9c2-4d61-a0e6-40f14418f89e", "current_order_number": 3, "num_correct_answers": 3, "num_incorrect_answers": 0}}, {"model": "quiz.result", "pk": 163, "fields": {"create_date": "2021-08-23T09:12:08.790Z", "write_date": "2021-08-23T09:12:08.790Z", "user": 1, "test": 1, "state": 1, "uuid": "f61d7189-474e-49cb-8c05-69ad5f07bb48", "current_order_number": 3, "num_correct_answers": 3, "num_incorrect_answers": 0}}, {"model": "quiz.result", "pk": 164, "fields": {"create_date": "2021-08-30T09:29:24.459Z", "write_date": "2021-08-30T09:29:24.459Z", "user": 1, "test": 1, "state": 1, "uuid": "a4136c51-95b4-4028-b05a-2c195afb4844", "current_order_number": 3, "num_correct_answers": 3, "num_incorrect_answers": 0}}, {"model": "quiz.result", "pk": 165, "fields": {"create_date": "2021-08-30T09:41:35.320Z", "write_date": "2021-08-30T09:41:35.320Z", "user": 1, "test": 1, "state": 1, "uuid": "3f05e735-7a20-425f-b5c8-45176ff20c70", "current_order_number": 3, "num_correct_answers": 3, "num_incorrect_answers": 0}}, {"model": "quiz.result", "pk": 166, "fields": {"create_date": "2021-08-30T11:00:11.717Z", "write_date": "2021-08-30T11:00:11.717Z", "user": 14, "test": 1, "state": 1, "uuid": "7d87d201-8ebf-4ed9-97a6-8452587481f4", "current_order_number": 3, "num_correct_answers": 0, "num_incorrect_answers": 3}}, {"model": "quiz.result", "pk": 167, "fields": {"create_date": "2021-08-30T11:36:40.563Z", "write_date": "2021-08-30T11:36:40.563Z", "user": 14, "test": 1, "state": 1, "uuid": "cca2e386-48e9-4520-92e6-2485e39d416d", "current_order_number": 3, "num_correct_answers": 1, "num_incorrect_answers": 2}}, {"model": "quiz.result", "pk": 168, "fields": {"create_date": "2021-08-30T11:37:25.501Z", "write_date": "2021-08-30T11:37:25.501Z", "user": 14, "test": 1, "state": 1, "uuid": "2b2358e2-38cb-4ead-abe9-9ecdc8e36cc9", "current_order_number": 3, "num_correct_answers": 1, "num_incorrect_answers": 2}}, {"model": "quiz.result", "pk": 169, "fields": {"create_date": "2021-08-30T11:39:24.564Z", "write_date": "2021-08-30T11:39:24.564Z", "user": 14, "test": 1, "state": 1, "uuid": "54a0ddc5-d51c-4804-a696-e4f6b921bae9", "current_order_number": 3, "num_correct_answers": 1, "num_incorrect_answers": 2}}, {"model": "quiz.result", "pk": 170, "fields": {"create_date": "2021-08-30T11:43:02.376Z", "write_date": "2021-08-30T11:43:02.376Z", "user": 14, "test": 1, "state": 1, "uuid": "3545b1f5-e7a2-4dd1-989a-5ed3c949ba3f", "current_order_number": 3, "num_correct_answers": 3, "num_incorrect_answers": 0}}, {"model": "quiz.result", "pk": 171, "fields": {"create_date": "2021-08-30T14:22:07.476Z", "write_date": "2021-08-30T14:22:07.476Z", "user": 16, "test": 1, "state": 1, "uuid": "4f2a794d-c873-486d-b17b-b1a78b7a46e9", "current_order_number": 3, "num_correct_answers": 3, "num_incorrect_answers": 0}}, {"model": "quiz.result", "pk": 172, "fields": {"create_date": "2021-08-30T14:22:31.074Z", "write_date": "2021-08-30T14:22:31.074Z", "user": 16, "test": 1, "state": 1, "uuid": "5f35b435-e408-4558-a458-c02f9113e53c", "current_order_number": 3, "num_correct_answers": 2, "num_incorrect_answers": 1}}, {"model": "quiz.result", "pk": 173, "fields": {"create_date": "2021-08-30T15:51:04.240Z", "write_date": "2021-08-30T15:51:04.240Z", "user": 18, "test": 1, "state": 1, "uuid": "962282c0-21be-4744-8635-9849d4a56132", "current_order_number": 3, "num_correct_answers": 2, "num_incorrect_answers": 1}}, {"model": "quiz.result", "pk": 174, "fields": {"create_date": "2021-08-30T15:52:03.716Z", "write_date": "2021-08-30T15:52:03.716Z", "user": 18, "test": 1, "state": 1, "uuid": "ae90536e-a12c-4477-be83-b69a946c0c88", "current_order_number": 3, "num_correct_answers": 3, "num_incorrect_answers": 0}}, {"model": "quiz.result", "pk": 175, "fields": {"create_date": "2021-08-30T15:54:23.338Z", "write_date": "2021-08-30T15:54:23.338Z", "user": 18, "test": 1, "state": 1, "uuid": "9d82986f-f1f1-4c82-9b2a-89bc9ea0ac6f", "current_order_number": 3, "num_correct_answers": 1, "num_incorrect_answers": 2}}, {"model": "quiz.result", "pk": 176, "fields": {"create_date": "2021-08-30T16:34:50.168Z", "write_date": "2021-08-30T16:34:50.168Z", "user": 16, "test": 1, "state": 1, "uuid": "9797f6b2-e548-4730-b1e3-0a36a0302151", "current_order_number": 3, "num_correct_answers": 3, "num_incorrect_answers": 0}}, {"model": "quiz.result", "pk": 177, "fields": {"create_date": "2021-09-01T17:49:50.627Z", "write_date": "2021-09-01T17:49:50.736Z", "user": 14, "test": 1, "state": 0, "uuid": "3c95a47b-b712-4af5-818c-8a4216b6b843", "current_order_number": 0, "num_correct_answers": 0, "num_incorrect_answers": 0}}, {"model": "quiz.result", "pk": 178, "fields": {"create_date": "2021-09-01T18:42:04.138Z", "write_date": "2021-09-01T18:42:04.138Z", "user": 14, "test": 1, "state": 1, "uuid": "23ab734a-40b7-4d74-909a-2909bca39e90", "current_order_number": 3, "num_correct_answers": 3, "num_incorrect_answers": 0}}]